<?xml version="1.0" encoding="utf-8"?>
<odoo>
    <data>
        <!-- Subcategory -->
        <record id="si_sub_category_id" model="ir.module.category">
            <field name="name">Role</field>
            <field name="sequence">0</field>
        </record>

        <!-- Manager Group -->
        <record id="group_smart_invoice_manger" model="res.groups">
            <field name="name">Manager</field>
            <field name="category_id" ref="zra_smart_invoice.si_sub_category_id"/>
        </record>

        <!-- HOD Group -->
        <record id="group_smart_invoice_hod" model="res.groups">
            <field name="name">HOD</field>
            <field name="category_id" ref="zra_smart_invoice.si_sub_category_id"/>
        </record>

        <!-- Clerk Group -->
        <record id="group_smart_invoice_clerk" model="res.groups">
            <field name="name">Clerk</field>
            <field name="category_id" ref="zra_smart_invoice.si_sub_category_id"/>
        </record>
    </data>
</odoo>
